3, 6
3, 10
3, 14
3, 17
3, 19
3, 20
3, 24
3, 25
3, 26
3, 28
3, 29
3, 30
3, 34
3, 35
3, 39
3, 41
3, 46
3, 47
3, 54
3, 59
3, 73
3, 94
3, 108
3, 111
3, 127
3, 138
3, 139
3, 143
3, 152
3, 178
3, 180
3, 182
3, 214
3, 223
3, 269
3, 284
3, 286
3, 292
3, 300
3, 348
3, 349
3, 371
3, 567
3, 581
3, 8283
4, 8
4, 10
4, 28
4, 30
4, 38
4, 55
4, 56
4, 75
4, 130
4, 140
4, 147
4, 151
4, 152
4, 214
4, 232
4, 243
4, 282
4, 299
4, 341
4, 363
4, 370
4, 415
4, 560
4, 8282
5, 6
5, 8
5, 10
5, 23
5, 30
5, 33
5, 38
5, 50
5, 54
5, 55
5, 61
5, 75
5, 89
5, 93
5, 127
5, 130
5, 147
5, 153
5, 163
5, 167
5, 168
5, 175
5, 299
6, 7
6, 8
6, 10
6, 11
6, 19
6, 20
6, 23
6, 25
6, 26
6, 27
6, 28
6, 30
6, 33
6, 34
6, 38
6, 39
6, 50
6, 54
6, 55
6, 56
6, 61
6, 62
6, 63
6, 64
6, 65
6, 66
6, 80
6, 89
6, 93
6, 94
6, 127
6, 130
6, 132
6, 135
6, 140
6, 147
6, 151
6, 153
6, 154
6, 163
6, 167
6, 168
6, 171
6, 175
6, 178
6, 182
6, 183
6, 216
6, 219
6, 226
6, 232
6, 236
6, 243
6, 250
6, 252
6, 257
6, 258
6, 261
6, 271
6, 273
6, 274
6, 280
6, 286
6, 299
6, 300
6, 301
6, 319
6, 325
6, 339
6, 348
6, 349
6, 356
6, 358
6, 359
6, 362
6, 363
6, 370
6, 371
6, 373
6, 377
6, 378
6, 379
6, 390
6, 391
6, 392
6, 394
6, 396
6, 402
6, 405
6, 406
6, 407
6, 415
6, 421
6, 422
6, 427
6, 428
6, 431
6, 433
6, 435
6, 440
6, 538
6, 549
6, 560
6, 564
6, 566
6, 567
6, 581
6, 8282
7, 28
7, 30
7, 32
7, 38
7, 54
7, 55
7, 61
7, 75
7, 93
7, 105
7, 299
7, 524
7, 8283
7, 8287
8, 9
8, 10
8, 11
8, 12
8, 15
8, 17
8, 19
8, 23
8, 24
8, 25
8, 28
8, 29
8, 30
8, 33
8, 34
8, 36
8, 39
8, 45
8, 47
8, 49
8, 50
8, 54
8, 55
8, 61
8, 68
8, 72
8, 73
8, 75
8, 76
8, 77
8, 78
8, 79
8, 80
8, 81
8, 87
8, 89
8, 113
8, 127
8, 130
8, 132
8, 135
8, 139
8, 140
8, 144
8, 150
8, 151
8, 152
8, 153
8, 154
8, 163
8, 167
8, 168
8, 175
8, 178
8, 182
8, 183
8, 192
8, 214
8, 216
8, 219
8, 224
8, 226
8, 232
8, 236
8, 250
8, 252
8, 255
8, 258
8, 261
8, 271
8, 273
8, 274
8, 280
8, 282
8, 286
8, 299
8, 300
8, 301
8, 319
8, 339
8, 341
8, 348
8, 349
8, 356
8, 358
8, 362
8, 363
8, 370
8, 371
8, 373
8, 377
8, 378
8, 379
8, 386
8, 389
8, 390
8, 391
8, 392
8, 394
8, 396
8, 402
8, 405
8, 406
8, 415
8, 421
8, 422
8, 427
8, 428
8, 431
8, 432
8, 433
8, 435
8, 440
8, 454
8, 497
8, 498
8, 499
8, 506
8, 513
8, 514
8, 524
8, 538
8, 549
8, 560
8, 564
8, 566
8, 567
8, 581
8, 1092
8, 8284
9, 10
9, 23
9, 28
9, 30
9, 33
9, 34
9, 54
9, 55
9, 56
9, 61
9, 75
9, 80
9, 94
9, 130
9, 135
9, 144
9, 151
9, 168
9, 214
9, 226
9, 243
9, 250
9, 258
9, 261
9, 271
9, 274
9, 299
9, 325
9, 339
9, 348
9, 356
9, 363
9, 370
9, 377
9, 378
9, 379
9, 390
9, 391
9, 392
9, 394
9, 402
9, 421
9, 422
9, 427
9, 431
9, 440
9, 506
9, 517
9, 560
10, 11
10, 14
10, 17
10, 19
10, 23
10, 28
10, 29
10, 30
10, 33
10, 34
10, 38
10, 47
10, 50
10, 54
10, 89
10, 93
10, 95
10, 96
10, 98
10, 99
10, 100
10, 105
10, 130
10, 132
10, 135
10, 147
10, 153
10, 154
10, 163
10, 168
10, 175
10, 183
10, 214
10, 216
10, 219
10, 246
10, 250
10, 252
10, 255
10, 257
10, 261
10, 271
10, 274
10, 280
10, 286
10, 300
10, 301
10, 319
10, 405
10, 406
10, 407
10, 432
10, 549
11, 19
11, 23
11, 28
11, 30
11, 33
11, 34
11, 36
11, 38
11, 49
11, 50
11, 54
11, 55
11, 61
11, 75
11, 89
11, 93
11, 95
11, 105
11, 127
11, 130
11, 132
11, 147
11, 151
11, 153
11, 154
11, 163
11, 168
11, 171
11, 178
11, 183
11, 192
11, 214
11, 216
11, 219
11, 224
11, 246
11, 250
11, 252
11, 255
11, 257
11, 261
11, 271
11, 274
11, 282
11, 286
11, 299
11, 319
11, 322
11, 325
11, 406
11, 407
11, 429
11, 431
11, 432
11, 440
11, 514
11, 549
11, 560
11, 1092
11, 8286
11, 8287
12, 28
12, 30
12, 56
12, 80
12, 214
12, 219
12, 232
12, 236
12, 250
12, 255
12, 257
12, 274
12, 282
12, 286
12, 299
12, 349
12, 356
12, 362
12, 390
12, 407
12, 427
12, 428
12, 432
12, 435
12, 538
12, 564
12, 8287
13, 28
13, 30
13, 178
13, 214
13, 216
13, 232
13, 250
13, 252
13, 271
13, 302
13, 341
14, 23
14, 28
14, 30
14, 32
14, 49
14, 54
14, 55
14, 56
14, 61
14, 75
14, 95
14, 127
14, 130
14, 140
14, 150
14, 152
14, 178
14, 182
14, 183
14, 192
14, 214
14, 216
14, 219
14, 224
14, 226
14, 236
14, 250
14, 261
14, 271
14, 282
14, 299
14, 325
14, 356
14, 363
14, 368
14, 371
14, 377
14, 378
14, 390
14, 391
14, 394
14, 396
14, 402
14, 421
14, 422
14, 427
14, 440
14, 477
14, 517
14, 524
14, 538
14, 560
14, 564
14, 566
14, 567
14, 581
14, 8285
14, 8287
15, 23
15, 28
15, 30
15, 32
15, 33
15, 38
15, 49
15, 54
15, 55
15, 56
15, 61
15, 95
15, 105
15, 152
15, 214
15, 299
15, 368
15, 477
15, 560
15, 8287
16, 28
16, 30
17, 28
17, 30
17, 32
17, 33
17, 50
17, 54
17, 55
17, 95
17, 108
17, 127
17, 135
17, 183
17, 214
17, 258
17, 261
17, 271
17, 273
17, 282
17, 299
17, 339
17, 356
17, 359
17, 377
17, 378
17, 391
17, 524
18, 30
18, 36
18, 55
18, 144
18, 192
18, 214
18, 429
18, 477
18, 549
19, 20
19, 23
19, 24
19, 25
19, 26
19, 27
19, 28
19, 30
19, 33
19, 38
19, 42
19, 47
19, 50
19, 54
19, 55
19, 61
19, 71
19, 89
19, 94
19, 127
19, 130
19, 132
19, 136
19, 138
19, 143
19, 151
19, 154
19, 163
19, 168
19, 176
19, 182
19, 183
19, 214
19, 216
19, 219
19, 250
19, 252
19, 257
19, 261
19, 271
19, 274
19, 282
19, 284
19, 286
19, 299
19, 371
19, 564
19, 581
20, 30
20, 33
20, 34
20, 36
20, 50
20, 54
20, 55
20, 61
20, 75
20, 80
20, 89
20, 105
20, 132
20, 135
20, 140
20, 151
20, 153
20, 167
20, 168
20, 182
20, 183
20, 216
20, 224
20, 232
20, 243
20, 250
20, 252
20, 255
20, 257
20, 258
20, 261
20, 271
20, 274
20, 282
20, 286
20, 299
20, 322
20, 325
20, 339
20, 348
20, 363
20, 368
20, 370
20, 371
20, 377
20, 378
20, 379
20, 391
20, 402
20, 405
20, 427
20, 429
20, 477
20, 564
20, 567
21, 28
21, 30
21, 54
21, 61
21, 75
21, 89
21, 105
21, 135
21, 140
21, 144
21, 150
21, 168
21, 183
21, 219
21, 236
21, 243
21, 250
21, 252
21, 271
21, 299
21, 356
21, 370
21, 422
21, 429
21, 433
21, 549
22, 30
23, 25
23, 26
23, 29
23, 30
23, 33
23, 38
23, 39
23, 42
23, 50
23, 55
23, 58
23, 80
23, 90
23, 94
23, 127
23, 135
23, 144
23, 151
23, 154
23, 157
23, 163
23, 168
23, 171
23, 172
23, 175
23, 183
23, 214
23, 236
23, 252
23, 257
23, 271
23, 280
23, 282
23, 299
23, 300
23, 302
23, 325
23, 406
23, 549
24, 28
24, 30
24, 33
24, 34
24, 36
24, 50
24, 54
24, 130
24, 132
24, 150
24, 214
24, 255
24, 271
24, 280
24, 348
24, 370
24, 373
24, 378
24, 391
24, 407
24, 549
24, 560
25, 28
25, 30
25, 33
25, 50
25, 54
25, 55
25, 75
25, 80
25, 94
25, 127
25, 152
25, 154
25, 182
25, 192
25, 214
25, 224
25, 226
25, 246
25, 252
25, 255
25, 257
25, 261
25, 271
25, 273
25, 280
25, 282
25, 286
25, 299
25, 300
25, 302
25, 322
25, 325
25, 339
25, 348
25, 349
25, 356
25, 358
25, 363
25, 370
25, 371
25, 373
25, 377
25, 379
25, 407
25, 415
25, 422
25, 428
25, 514
25, 549
25, 560
25, 8282
25, 8284
26, 28
26, 33
26, 34
26, 38
26, 39
26, 50
26, 54
26, 55
26, 56
26, 80
26, 89
26, 93
26, 127
26, 130
26, 132
26, 135
26, 140
26, 144
26, 147
26, 151
26, 152
26, 154
26, 163
26, 167
26, 168
26, 182
26, 183
26, 214
26, 216
26, 219
26, 226
26, 232
26, 236
26, 243
26, 250
26, 252
26, 257
26, 258
26, 261
26, 271
26, 273
26, 274
26, 286
26, 299
26, 300
26, 301
26, 325
26, 339
26, 341
26, 348
26, 349
26, 356
26, 358
26, 359
26, 362
26, 363
26, 370
26, 371
26, 373
26, 377
26, 378
26, 379
26, 389
26, 390
26, 391
26, 394
26, 396
26, 415
26, 419
26, 421
26, 422
26, 427
26, 431
26, 433
26, 560
26, 564
26, 566
26, 567
26, 581
26, 8282
27, 28
27, 34
27, 55
27, 93
27, 132
27, 135
27, 140
27, 144
27, 152
27, 153
27, 167
27, 175
27, 182
27, 183
27, 216
27, 219
27, 226
27, 243
27, 271
27, 274
27, 280
27, 282
27, 301
27, 302
27, 319
27, 325
27, 348
27, 362
27, 370
27, 371
27, 373
27, 377
27, 379
27, 390
27, 394
27, 396
27, 402
27, 422
27, 427
27, 433
27, 435
27, 566
27, 567
27, 1092
28, 29
28, 31
28, 33
28, 34
28, 36
28, 38
28, 39
28, 41
28, 42
28, 47
28, 48
28, 49
28, 50
28, 53
28, 54
28, 55
28, 56
28, 58
28, 59
28, 61
28, 66
28, 72
28, 73
28, 74
28, 75
28, 77
28, 78
28, 80
28, 81
28, 87
28, 90
28, 94
28, 96
28, 101
28, 103
28, 104
28, 106
28, 113
28, 120
28, 125
28, 127
28, 128
28, 130
28, 132
28, 135
28, 138
28, 139
28, 143
28, 144
28, 147
28, 150
28, 151
28, 152
28, 154
28, 158
28, 161
28, 163
28, 166
28, 169
28, 178
28, 182
28, 187
28, 192
28, 202
28, 208
28, 211
28, 214
28, 215
28, 216
28, 221
28, 222
28, 223
28, 224
28, 225
28, 226
28, 227
28, 228
28, 230
28, 231
28, 232
28, 233
28, 234
28, 235
28, 236
28, 237
28, 238
28, 239
28, 240
28, 242
28, 243
28, 244
28, 245
28, 246
28, 247
28, 248
28, 249
28, 250
28, 252
28, 261
28, 271
28, 273
28, 275
28, 280
28, 282
28, 299
28, 301
28, 302
28, 319
28, 322
28, 325
28, 336
28, 341
28, 356
28, 366
28, 370
28, 391
28, 396
28, 402
28, 405
28, 406
28, 415
28, 426
28, 428
28, 435
28, 440
28, 443
28, 444
28, 446
28, 447
28, 448
28, 449
28, 450
28, 451
28, 454
28, 455
28, 460
28, 461
28, 462
28, 463
28, 514
28, 1077
28, 8282
28, 8284
28, 8285
29, 33
29, 39
29, 50
29, 54
29, 55
29, 56
29, 75
29, 93
29, 95
29, 105
29, 127
29, 130
29, 140
29, 147
29, 150
29, 151
29, 152
29, 154
29, 183
29, 214
29, 246
29, 252
29, 261
29, 273
29, 274
29, 282
29, 286
29, 299
29, 300
29, 348
29, 356
29, 358
29, 362
29, 389
29, 391
29, 394
29, 396
29, 402
29, 406
29, 407
29, 415
29, 428
29, 435
29, 524
29, 538
29, 549
31, 49
31, 75
31, 95
31, 322
31, 405
31, 506
31, 517
31, 8285
31, 8286
31, 8287
32, 68
32, 75
32, 81
32, 113
32, 214
32, 251
32, 265
32, 368
32, 426
32, 463
32, 467
32, 468
32, 517
33, 35
33, 38
33, 39
33, 40
33, 41
33, 50
33, 51
33, 54
33, 59
33, 67
33, 71
33, 80
33, 83
33, 84
33, 85
33, 86
33, 87
33, 88
33, 89
33, 90
33, 91
33, 127
33, 140
33, 144
33, 147
33, 167
33, 178
33, 183
33, 214
33, 396
33, 402
33, 440
33, 538
34, 39
34, 42
34, 54
34, 100
34, 140
34, 142
34, 232
34, 273
34, 282
34, 287
34, 288
34, 289
35, 39
35, 50
35, 54
35, 132
35, 135
35, 151
35, 152
35, 153
35, 183
35, 214
35, 226
35, 243
35, 257
35, 261
35, 271
35, 274
35, 300
35, 339
35, 348
35, 356
35, 362
35, 370
35, 373
35, 377
35, 378
35, 379
35, 390
35, 391
35, 394
35, 402
35, 415
35, 422
36, 38
36, 46
36, 50
36, 54
36, 55
36, 80
36, 87
36, 89
36, 125
36, 138
36, 143
36, 152
36, 187
36, 201
36, 226
36, 232
36, 255
36, 271
36, 274
36, 282
36, 325
36, 339
36, 348
36, 356
36, 370
36, 373
36, 376
36, 377
36, 391
36, 394
36, 396
36, 402
36, 427
36, 431
36, 432
36, 549
36, 560
36, 8282
37, 50
37, 54
37, 168
37, 216
37, 252
37, 299
37, 325
37, 370
38, 54
38, 55
38, 56
38, 75
38, 152
38, 182
38, 280
38, 302
38, 415
39, 47
39, 50
39, 51
39, 54
39, 72
39, 80
39, 90
39, 94
39, 111
39, 127
39, 135
39, 140
39, 147
39, 152
39, 154
39, 163
39, 168
39, 182
39, 192
39, 216
39, 252
39, 282
39, 299
39, 319
39, 325
39, 326
39, 341
39, 345
39, 407
39, 414
39, 415
39, 426
39, 536
39, 549
40, 54
40, 55
40, 214
40, 216
40, 243
40, 252
40, 257
40, 273
40, 274
40, 299
41, 54
41, 56
41, 75
41, 140
41, 151
41, 183
41, 226
41, 252
41, 271
41, 299
41, 339
41, 356
41, 358
41, 377
41, 402
41, 422
42, 50
42, 54
42, 55
42, 75
42, 80
42, 105
42, 178
42, 214
42, 219
42, 243
42, 250
42, 252
42, 274
42, 286
42, 299
42, 302
42, 348
42, 356
42, 377
42, 378
42, 391
42, 396
42, 407
42, 549
42, 564
42, 8287
43, 54
43, 182
44, 54
44, 147
44, 154
44, 214
44, 224
44, 390
44, 391
45, 54
45, 55
45, 299
46, 54
46, 56
46, 132
46, 150
46, 152
46, 182
46, 214
46, 224
46, 252
46, 255
46, 271
46, 280
46, 282
46, 286
46, 300
46, 301
46, 325
46, 348
46, 368
46, 370
46, 371
46, 377
46, 378
46, 379
46, 391
46, 394
46, 396
46, 402
46, 428
46, 431
46, 564
46, 566
46, 8287
47, 50
47, 54
47, 55
47, 56
47, 61
47, 80
47, 93
47, 94
47, 127
47, 135
47, 140
47, 151
47, 152
47, 154
47, 163
47, 168
47, 178
47, 182
47, 214
47, 216
47, 226
47, 250
47, 252
47, 257
47, 271
47, 274
47, 282
47, 286
47, 290
47, 299
47, 300
47, 302
47, 356
47, 389
47, 402
47, 405
47, 415
47, 427
47, 428
47, 431
47, 435
47, 560
47, 8282
48, 54
48, 94
48, 168
48, 250
48, 252
48, 271
48, 282
48, 299
48, 356
48, 391
48, 421
48, 564
49, 54
49, 56
49, 59
49, 74
49, 77
49, 78
49, 110
49, 139
49, 265
49, 363
49, 366
49, 370
49, 396
49, 426
49, 430
49, 440
49, 454
49, 504
49, 517
49, 541
49, 552
50, 54
50, 58
50, 61
50, 71
50, 79
50, 80
50, 86
50, 152
50, 153
50, 154
50, 155
50, 156
50, 157
50, 216
50, 219
50, 250
50, 252
50, 257
50, 261
50, 271
50, 273
50, 299
51, 54
51, 55
51, 56
51, 80
51, 93
51, 175
51, 214
51, 246
51, 280
51, 299
51, 325
52, 54
53, 54
53, 274
54, 214
54, 299
54, 356
54, 373
54, 394
55, 56
55, 57
55, 58
55, 61
55, 66
55, 71
55, 74
55, 75
55, 79
55, 80
55, 81
55, 86
55, 87
55, 90
55, 91
55, 94
55, 104
55, 106
55, 125
55, 126
55, 129
55, 135
55, 138
55, 144
55, 152
55, 161
55, 175
55, 201
55, 214
55, 216
55, 218
55, 226
55, 250
55, 252
55, 254
55, 282
55, 299
55, 302
55, 307
55, 325
55, 333
55, 342
55, 348
55, 356
55, 370
55, 373
55, 379
55, 402
55, 407
55, 444
55, 514
55, 534
55, 541
55, 543
55, 544
55, 545
55, 546
55, 547
55, 548
55, 549
55, 550
55, 551
56, 59
56, 61
56, 66
56, 72
56, 75
56, 78
56, 86
56, 94
56, 98
56, 101
56, 105
56, 130
56, 132
56, 136
56, 140
56, 150
56, 152
56, 157
56, 175
56, 177
56, 192
56, 214
56, 280
56, 295
56, 335
56, 345
56, 353
56, 365
56, 368
56, 371
56, 383
56, 426
56, 515
56, 561
56, 570
56, 1077
56, 8287
57, 61
57, 299
57, 415
57, 549
58, 61
58, 75
58, 80
58, 89
58, 93
58, 94
58, 127
58, 132
58, 144
58, 154
58, 163
58, 167
58, 183
58, 257
58, 271
58, 274
58, 299
58, 322
58, 325
59, 61
59, 152
59, 167
59, 168
59, 214
59, 219
59, 252
59, 271
59, 370
59, 371
59, 377
59, 378
59, 391
59, 421
59, 431
59, 549
59, 564
60, 61
62, 243
62, 280
62, 363
62, 370
62, 415
65, 89
66, 152
66, 183
66, 282
66, 302
66, 359
66, 394
66, 402
67, 75
67, 132
67, 153
67, 178
67, 192
67, 214
67, 274
67, 282
67, 299
67, 356
67, 391
67, 405
67, 515
68, 72
68, 75
68, 95
68, 127
68, 130
68, 368
68, 379
68, 8287
71, 75
71, 80
71, 93
71, 94
71, 144
71, 151
71, 168
71, 226
71, 236
71, 257
71, 271
71, 299
71, 319
71, 356
71, 370
71, 391
71, 402
71, 415
71, 427
71, 435
71, 549
71, 560
71, 564
72, 89
72, 144
72, 152
72, 178
72, 182
72, 226
72, 232
72, 236
72, 261
72, 271
72, 282
72, 299
72, 325
72, 341
72, 356
72, 370
72, 371
72, 407
72, 422
72, 427
72, 431
72, 432
72, 435
72, 440
72, 514
72, 549
72, 566
72, 567
73, 75
73, 95
73, 152
73, 214
73, 243
73, 274
73, 299
73, 363
73, 378
73, 394
74, 75
74, 154
74, 178
74, 252
74, 257
74, 271
74, 299
74, 356
75, 79
75, 80
75, 87
75, 90
75, 94
75, 101
75, 103
75, 104
75, 113
75, 126
75, 139
75, 152
75, 154
75, 155
75, 158
75, 161
75, 166
75, 192
75, 201
75, 237
75, 246
75, 254
75, 265
75, 275
75, 299
75, 302
75, 307
75, 328
75, 336
75, 344
75, 352
75, 364
75, 365
75, 367
75, 370
75, 403
75, 426
75, 447
75, 454
75, 460
75, 461
75, 462
75, 489
75, 494
75, 498
75, 514
75, 515
75, 536
75, 539
75, 540
75, 541
75, 542
75, 549
75, 1077
75, 8284
75, 8285
76, 514
77, 108
77, 130
77, 175
77, 214
77, 219
77, 271
77, 299
77, 363
77, 524
78, 144
78, 258
78, 261
78, 300
78, 302
78, 368
78, 377
78, 378
78, 379
78, 390
78, 391
78, 392
78, 396
78, 415
78, 419
78, 421
78, 422
78, 428
78, 431
78, 433
78, 517
78, 524
78, 566
78, 567
78, 8287
79, 93
79, 94
79, 153
79, 167
79, 192
79, 214
79, 236
79, 243
79, 252
79, 271
79, 299
79, 302
79, 341
79, 356
79, 370
79, 391
79, 407
79, 435
79, 477
79, 514
79, 515
79, 8284
79, 8287
80, 94
80, 103
80, 111
80, 136
80, 140
80, 143
80, 144
80, 150
80, 151
80, 154
80, 168
80, 169
80, 180
80, 201
80, 223
80, 236
80, 251
80, 252
80, 255
80, 256
80, 263
80, 275
80, 280
80, 282
80, 299
80, 303
80, 319
80, 323
80, 324
80, 325
80, 326
80, 327
80, 328
80, 329
80, 330
80, 331
80, 339
80, 356
80, 370
80, 402
80, 433
80, 560
81, 93
81, 105
81, 175
81, 192
81, 214
81, 273
81, 299
81, 477
81, 506
81, 517
81, 524
81, 8287
82, 93
83, 371
83, 517
83, 8287
86, 150
86, 282
86, 299
86, 325
86, 391
86, 405
86, 407
86, 428
86, 538
86, 549
86, 564
87, 150
87, 151
87, 154
87, 183
87, 192
87, 282
87, 290
87, 299
87, 348
87, 363
87, 396
87, 515
87, 549
87, 1092
87, 8287
89, 138
89, 151
89, 153
89, 155
89, 162
89, 168
90, 214
90, 252
90, 290
90, 407
90, 477
90, 549
90, 560
90, 8287
92, 93
92, 105
92, 168
93, 94
93, 153
94, 104
94, 105
94, 113
94, 127
94, 130
94, 132
94, 147
94, 150
94, 151
94, 152
94, 175
94, 183
94, 192
94, 214
94, 215
94, 219
94, 224
94, 231
94, 236
94, 243
94, 250
94, 251
94, 252
94, 257
94, 258
94, 261
94, 271
94, 273
94, 274
94, 275
94, 282
94, 286
94, 299
94, 301
94, 302
94, 303
94, 325
94, 331
94, 333
94, 335
94, 348
94, 349
94, 356
94, 370
94, 389
94, 402
94, 405
94, 415
94, 549
94, 8282
95, 102
95, 103
95, 104
95, 105
95, 106
95, 107
95, 108
95, 109
95, 110
95, 111
95, 112
95, 113
95, 114
95, 115
95, 116
95, 117
95, 118
95, 119
95, 120
95, 121
95, 122
95, 123
95, 124
98, 514
99, 271
100, 232
100, 378
100, 560
101, 108
101, 152
101, 192
101, 243
101, 299
101, 405
101, 477
101, 517
101, 1077
101, 8287
102, 108
103, 144
103, 167
103, 182
103, 192
103, 255
103, 271
103, 299
103, 302
103, 370
103, 391
103, 506
104, 150
104, 152
104, 178
104, 214
104, 243
104, 252
104, 282
104, 299
104, 302
104, 356
104, 368
104, 377
104, 396
104, 477
104, 515
104, 1077
104, 8287
105, 105
105, 155
105, 254
105, 426
105, 458
105, 462
105, 463
105, 473
105, 488
105, 489
105, 490
106, 299
107, 477
107, 517
107, 8287
108, 110
108, 115
108, 124
108, 164
108, 430
108, 8283
110, 175
110, 282
110, 477
110, 506
110, 517
110, 524
110, 1092
110, 8285
110, 8287
111, 192
111, 300
111, 373
111, 377
111, 378
111, 477
111, 517
113, 132
113, 140
113, 152
113, 219
113, 339
113, 370
113, 405
113, 428
113, 524
113, 8285
113, 8287
115, 506
121, 368
121, 477
121, 524
121, 8283
121, 8285
122, 152
124, 8283
125, 214
125, 271
125, 299
125, 302
125, 517
125, 8283
125, 8287
126, 130
127, 128
127, 130
127, 144
127, 152
127, 178
127, 232
127, 252
127, 261
127, 271
127, 282
127, 325
127, 379
127, 402
127, 431
127, 435
127, 549
128, 130
128, 216
128, 271
128, 348
128, 356
128, 379
129, 130
129, 299
129, 427
130, 152
130, 182
130, 356
132, 136
132, 138
132, 143
132, 144
132, 152
132, 180
132, 231
132, 241
132, 257
132, 271
132, 276
132, 280
132, 282
132, 283
132, 284
132, 325
132, 370
132, 407
132, 428
132, 549
133, 135
133, 144
133, 348
133, 349
133, 362
133, 370
133, 373
133, 391
133, 402
134, 144
135, 140
135, 143
135, 144
135, 177
135, 179
135, 180
135, 187
135, 202
135, 221
135, 255
135, 324
135, 329
135, 336
135, 337
135, 338
135, 339
135, 340
135, 341
135, 342
135, 343
135, 344
135, 394
135, 402
136, 144
136, 150
136, 178
136, 232
136, 243
136, 258
136, 261
136, 349
136, 356
136, 389
136, 431
136, 440
137, 144
138, 144
138, 151
138, 153
138, 163
138, 168
138, 224
138, 236
138, 250
138, 252
138, 255
138, 274
138, 282
138, 370
138, 373
138, 440
138, 560
138, 566
139, 144
139, 192
139, 246
139, 252
139, 271
139, 282
139, 299
139, 302
139, 440
140, 144
140, 157
140, 205
140, 226
140, 258
140, 277
140, 282
140, 326
140, 339
140, 341
140, 348
140, 349
140, 356
140, 358
140, 359
140, 363
140, 370
140, 379
140, 383
140, 389
140, 390
140, 396
140, 402
140, 410
140, 415
140, 418
140, 428
140, 431
140, 435
141, 144
142, 144
142, 147
142, 182
142, 243
142, 271
142, 299
142, 300
142, 301
142, 302
142, 349
142, 359
142, 363
142, 370
142, 371
142, 389
142, 402
142, 432
143, 144
143, 182
143, 183
143, 214
143, 216
143, 226
143, 250
143, 252
143, 271
143, 274
143, 301
143, 339
143, 363
143, 370
143, 373
143, 377
143, 378
143, 379
143, 390
143, 391
143, 394
143, 396
143, 402
143, 566
143, 567
145, 147
145, 214
145, 391
146, 147
147, 271
147, 319
149, 151
150, 178
150, 205
150, 232
150, 236
150, 254
150, 265
150, 280
150, 339
150, 371
150, 383
150, 387
150, 407
150, 431
150, 556
150, 564
150, 566
150, 567
151, 154
151, 164
151, 182
151, 236
151, 246
151, 273
151, 335
151, 336
151, 340
151, 341
151, 402
151, 407
151, 412
151, 426
151, 430
151, 549
152, 158
152, 166
152, 182
152, 192
152, 197
152, 205
152, 214
152, 224
152, 252
152, 275
152, 280
152, 326
152, 353
152, 365
152, 426
152, 497
152, 514
152, 561
152, 567
152, 570
152, 575
152, 579
152, 581
152, 1077
152, 8287
153, 154
153, 158
153, 159
153, 160
153, 161
154, 161
154, 168
154, 176
154, 178
154, 224
154, 243
154, 252
154, 282
154, 348
154, 370
154, 377
154, 402
154, 405
154, 407
154, 415
154, 549
154, 8282
155, 214
156, 163
156, 168
157, 182
157, 243
157, 325
157, 396
157, 407
157, 435
158, 477
158, 514
161, 299
162, 168
162, 246
162, 300
163, 271
166, 214
166, 243
166, 261
166, 273
166, 274
168, 299
168, 302
169, 257
172, 214
172, 246
172, 290
172, 391
172, 477
173, 175
173, 560
174, 175
175, 231
175, 383
177, 183
177, 214
177, 427
178, 182
178, 183
178, 215
178, 231
178, 232
178, 236
178, 237
178, 268
178, 280
178, 282
178, 292
178, 340
178, 371
178, 396
178, 405
178, 406
178, 412
178, 426
178, 429
178, 432
178, 438
178, 439
178, 440
178, 441
178, 560
178, 564
179, 183
179, 301
179, 348
179, 349
179, 407
179, 549
180, 182
180, 183
180, 216
180, 271
180, 274
180, 299
180, 349
180, 370
180, 402
181, 183
181, 214
181, 271
182, 183
182, 236
182, 263
182, 275
182, 319
182, 383
182, 405
182, 426
182, 427
182, 432
185, 214
187, 214
187, 348
187, 373
187, 394
187, 415
188, 214
189, 214
190, 214
190, 370
191, 214
192, 214
192, 215
192, 352
192, 379
192, 400
192, 406
192, 426
192, 432
192, 453
192, 454
192, 455
192, 456
192, 457
192, 458
192, 549
192, 8283
192, 8287
193, 325
193, 358
193, 402
193, 549
194, 214
194, 368
195, 214
196, 214
197, 214
198, 214
199, 214
200, 214
201, 214
201, 252
201, 282
201, 549
202, 214
202, 300
202, 301
202, 427
203, 214
204, 214
204, 371
204, 407
205, 214
205, 282
206, 214
207, 214
208, 214
208, 219
209, 214
210, 214
211, 517
215, 216
215, 252
215, 257
215, 282
215, 299
215, 348
215, 368
215, 517
215, 8283
217, 219
218, 1077
221, 282
221, 339
221, 341
221, 348
221, 390
221, 402
222, 348
223, 226
223, 257
223, 301
223, 325
223, 341
223, 348
223, 356
223, 358
223, 406
223, 415
223, 422
223, 427
224, 275
224, 282
224, 339
224, 383
224, 402
224, 556
226, 256
226, 339
226, 407
226, 416
226, 417
226, 432
228, 282
228, 299
228, 391
228, 415
231, 236
231, 255
231, 280
231, 299
231, 300
231, 379
231, 391
231, 396
231, 402
231, 549
231, 560
232, 236
232, 247
232, 282
232, 325
232, 327
232, 340
232, 402
232, 426
232, 436
232, 437
235, 271
236, 257
236, 282
236, 300
236, 319
236, 325
236, 339
236, 348
236, 349
236, 356
236, 406
236, 426
236, 428
236, 440
236, 561
236, 581
237, 271
237, 282
237, 373
237, 391
237, 560
237, 581
238, 358
241, 282
241, 325
243, 245
243, 250
243, 326
243, 353
243, 381
243, 382
243, 383
243, 384
243, 386
243, 387
246, 254
246, 269
246, 296
246, 383
246, 405
247, 274
247, 300
247, 341
247, 415
247, 421
247, 422
247, 427
247, 428
247, 435
249, 299
249, 302
251, 299
253, 257
254, 257
255, 257
255, 280
255, 282
255, 319
255, 325
255, 371
255, 383
255, 405
255, 406
255, 549
255, 556
255, 564
255, 567
255, 581
256, 257
256, 282
257, 271
257, 302
257, 377
258, 260
258, 261
258, 271
258, 273
259, 261
259, 356
260, 261
260, 285
261, 286
261, 339
261, 356
261, 405
263, 271
263, 282
263, 339
263, 432
264, 271
265, 271
265, 282
266, 271
266, 429
267, 271
268, 271
269, 271
269, 339
269, 348
269, 396
269, 429
269, 440
269, 549
270, 271
273, 299
273, 302
273, 348
273, 392
274, 275
274, 276
274, 277
275, 282
275, 299
275, 356
275, 405
280, 282
280, 319
280, 407
280, 421
280, 422
280, 425
280, 431
280, 433
280, 566
280, 567
282, 286
282, 293
282, 300
282, 319
282, 325
282, 326
282, 327
282, 329
282, 339
282, 340
282, 343
282, 345
282, 356
282, 366
282, 371
282, 383
282, 395
282, 406
282, 426
282, 428
282, 440
282, 556
282, 560
282, 561
282, 562
282, 563
282, 564
282, 565
282, 566
282, 567
284, 286
284, 299
284, 358
284, 389
285, 286
290, 299
291, 299
292, 299
292, 477
293, 299
294, 299
295, 299
295, 300
296, 299
296, 405
296, 415
296, 560
296, 8282
297, 299
298, 299
299, 328
299, 329
299, 341
299, 366
299, 367
299, 400
299, 426
299, 492
299, 493
299, 494
301, 362
302, 303
302, 349
302, 359
302, 363
302, 370
302, 389
302, 8283
307, 377
307, 402
319, 325
319, 370
319, 371
319, 379
319, 405
319, 406
319, 407
319, 429
322, 426
322, 455
322, 501
322, 502
325, 328
325, 336
325, 348
325, 351
325, 352
325, 376
325, 406
325, 415
325, 428
325, 501
325, 560
326, 348
326, 407
326, 549
328, 356
328, 373
331, 415
336, 356
336, 371
336, 8287
339, 341
339, 351
339, 353
339, 357
339, 373
339, 377
339, 379
339, 394
339, 402
339, 549
339, 560
340, 396
340, 440
340, 564
341, 348
341, 362
341, 370
341, 396
341, 407
341, 426
341, 431
344, 348
345, 348
345, 371
345, 567
345, 581
346, 348
350, 356
351, 356
352, 356
352, 506
352, 1077
352, 8287
353, 356
355, 356
357, 358
362, 363
364, 370
364, 8287
365, 370
365, 377
365, 391
365, 477
365, 515
366, 370
366, 377
366, 379
366, 391
366, 8287
367, 370
367, 8287
368, 370
368, 426
368, 463
368, 467
368, 536
369, 370
371, 373
371, 432
371, 567
372, 373
372, 391
372, 515
372, 8287
374, 377
374, 419
375, 377
376, 377
376, 394
376, 406
383, 428
383, 560
393, 394
395, 396
397, 402
398, 402
399, 402
399, 560
400, 402
400, 8284
401, 402
402, 403
402, 404
402, 405
402, 406
402, 407
402, 408
402, 409
402, 410
402, 411
402, 413
405, 415
405, 556
406, 407
406, 440
406, 538
406, 560
407, 410
407, 429
407, 556
410, 428
410, 431
410, 433
412, 560
414, 415
415, 549
416, 560
417, 422
417, 431
417, 433
417, 435
423, 427
424, 427
424, 428
425, 427
426, 427
426, 428
426, 431
426, 433
426, 435
426, 440
426, 477
426, 506
426, 514
426, 515
426, 517
426, 524
426, 538
426, 560
426, 566
426, 567
426, 8282
426, 8284
426, 8287
428, 429
429, 432
429, 435
430, 431
432, 433
434, 435
440, 538
440, 560
440, 8284
445, 524
447, 514
454, 506
454, 517
454, 524
454, 8287
455, 1092
460, 514
461, 477
461, 515
462, 8287
463, 517
463, 8287
465, 514
465, 8283
465, 8284
467, 517
472, 8284
476, 477
477, 479
477, 480
477, 481
479, 549
486, 8286
488, 549
489, 514
489, 524
489, 8287
494, 8287
499, 560
502, 8287
506, 507
511, 514
513, 514
516, 517
519, 524
520, 524
521, 524
522, 524
523, 524
524, 524
524, 525
527, 8287
528, 8287
529, 8287
530, 549
530, 8287
531, 8287
542, 549
553, 560
554, 560
555, 560
556, 560
557, 560
558, 560
559, 560
567, 568
567, 569
567, 570
567, 571
570, 581
